{"stats":{"minecraft:custom":{"minecraft:jump":93,"minecraft:time_since_rest":326,"minecraft:damage_dealt":26,"minecraft:leave_game":3,"minecraft:play_time":13852,"minecraft:sprint_one_cm":15074,"minecraft:time_since_death":13852,"minecraft:walk_one_cm":6587,"minecraft:sleep_in_bed":2,"minecraft:total_world_time":13852,"minecraft:talked_to_villager":1,"minecraft:fall_one_cm":3135,"minecraft:fly_one_cm":28434},"minecraft:picked_up":{"minecraft:dirt":3,"minecraft:egg":1},"minecraft:mined":{"minecraft:grass":3,"minecraft:grass_block":3}},"DataVersion":3465}