{"stats":{"minecraft:mined":{"minecraft:grass":3,"minecraft:grass_block":3},"minecraft:custom":{"minecraft:jump":84,"minecraft:time_since_rest":1862,"minecraft:damage_dealt":26,"minecraft:leave_game":1,"minecraft:sprint_one_cm":11039,"minecraft:play_time":12319,"minecraft:time_since_death":12319,"minecraft:walk_one_cm":4835,"minecraft:sleep_in_bed":1,"minecraft:total_world_time":12319,"minecraft:talked_to_villager":1,"minecraft:fall_one_cm":3135,"minecraft:fly_one_cm":25329},"minecraft:picked_up":{"minecraft:dirt":3}},"DataVersion":3465}